{"cameraMode":{"drawMode":0,"name":"Shaded","section":"Shading Mode"},"sceneLighting":false,"audioPlay":false,"sceneViewState":{"showFog":true,"showMaterialUpdate":false,"showSkybox":false,"showFlares":true,"showImageEffects":true,"showParticleSystems":true},"in2DMode":false,"pivot":{"x":1.233154296875,"y":0.8912353515625,"z":1.823333740234375},"rotation":{"x":0.009085371159017086,"y":-0.9041203856468201,"z":0.42674699425697329,"w":0.01925620622932911},"size":2.6612765789031984,"orthographic":true}